id,first_name,last_name,email,gender,ip_address
1,Merla,Warin,mwarin0@nasa.gov,Female,255.185.60.174
2,Leonhard,Osbaldeston,losbaldeston1@ihg.com,Male,82.234.225.230
3,Dorie,Senten,dsenten2@eepurl.com,Female,251.247.41.86
4,Nealson,Beininck,nbeininck3@howstuffworks.com,Male,142.55.195.171
5,Delmor,Durbyn,ddurbyn4@nps.gov,Male,33.12.90.110
6,Chrissie,Finnie,cfinnie5@narod.ru,Male,73.231.29.207
7,Ezechiel,Belchamber,ebelchamber6@prweb.com,Male,50.205.15.75
8,Odie,Farrens,ofarrens7@shareasale.com,Male,118.238.93.34
9,Janka,Gosse,jgosse8@wired.com,Female,122.86.135.152
10,Deloria,Fanti,dfanti9@miibeian.gov.cn,Female,96.201.62.46